Nama Lengkap;Alamat Email;Nomor Telepon;Alamat
Joko Susilo;joko.susilo0@example.com;08413740415;Jl. Kamboja No. 92, Semarang
Ani Handayani;ani.handayani1@example.com;08605615293;Jl. Melati No. 60, Makassar
Siti Rahayu;siti.rahayu2@example.com;08420483260;Jl. Melati No. 36, Medan
Ratna Sari;ratna.sari3@example.com;08937434024;Jl. Kamboja No. 63, Denpasar
Sari Dewi;sari.dewi4@example.com;08332861014;Jl. Melati No. 29, Jakarta
Sari Dewi;sari.dewi5@example.com;08253732628;Jl. Kamboja No. 91, Makassar
Eko Prasetyo;eko.prasetyo6@example.com;08148686482;Jl. Kamboja No. 97, Surabaya
Sari Dewi;sari.dewi7@example.com;08331959531;Jl. Melati No. 75, Jakarta
Ahmad Fauzi;ahmad.fauzi8@example.com;08150041449;Jl. Mawar No. 81, Semarang
Ani Handayani;ani.handayani9@example.com;08278675500;Jl. Anggrek No. 60, Surabaya
Maya Indah;maya.indah10@example.com;08657335042;Jl. Kamboja No. 75, Semarang
Firman Syah;firman.syah11@example.com;08504318927;Jl. Melati No. 56, Semarang
Rudi Hartono;rudi.hartono12@example.com;08291013312;Jl. Mawar No. 8, Denpasar
Firman Syah;firman.syah13@example.com;08265255040;Jl. Kamboja No. 89, Semarang
Ahmad Fauzi;ahmad.fauzi14@example.com;08818768160;Jl. Anggrek No. 3, Bandung
Rina Wijaya;rina.wijaya15@example.com;08778447911;Jl. Mawar No. 79, Denpasar
Agus Setiawan;agus.setiawan16@example.com;08473500388;Jl. Kamboja No. 6, Surabaya
Rudi Hartono;rudi.hartono17@example.com;08187855598;Jl. Mawar No. 91, Medan
Ratna Sari;ratna.sari18@example.com;08331581844;Jl. Kamboja No. 58, Denpasar
Eko Prasetyo;eko.prasetyo19@example.com;08713720504;Jl. Kamboja No. 70, Semarang
Siti Rahayu;siti.rahayu20@example.com;08485218582;Jl. Kamboja No. 15, Makassar
Rina Wijaya;rina.wijaya21@example.com;08997270079;Jl. Kamboja No. 14, Yogyakarta
Budi Santoso;budi.santoso22@example.com;08617106153;Jl. Kamboja No. 69, Bandung
Agus Setiawan;agus.setiawan23@example.com;08937734400;Jl. Kamboja No. 50, Bandung
Lina Marlina;lina.marlina24@example.com;08990898238;Jl. Mawar No. 8, Denpasar
Ani Handayani;ani.handayani25@example.com;08944917052;Jl. Melati No. 30, Surabaya
Ratna Sari;ratna.sari26@example.com;08865359515;Jl. Melati No. 91, Bandung
Ani Handayani;ani.handayani27@example.com;08607643756;Jl. Kamboja No. 56, Jakarta
Dedi Hermawan;dedi.hermawan28@example.com;08721686160;Jl. Mawar No. 46, Bandung
Firman Syah;firman.syah29@example.com;08331374819;Jl. Kamboja No. 46, Denpasar
Eko Prasetyo;eko.prasetyo30@example.com;08975415631;Jl. Melati No. 94, Surabaya
Ahmad Fauzi;ahmad.fauzi31@example.com;08956718340;Jl. Mawar No. 78, Yogyakarta
Ratna Sari;ratna.sari32@example.com;08941927684;Jl. Mawar No. 12, Yogyakarta
Maya Indah;maya.indah33@example.com;08901212017;Jl. Melati No. 25, Jakarta
Rina Wijaya;rina.wijaya34@example.com;08489788839;Jl. Mawar No. 42, Surabaya
Yuni Astuti;yuni.astuti35@example.com;08204081927;Jl. Anggrek No. 30, Jakarta
Eko Prasetyo;eko.prasetyo36@example.com;08481782436;Jl. Mawar No. 2, Bandung
Sari Dewi;sari.dewi37@example.com;08939552847;Jl. Mawar No. 9, Medan
Rina Wijaya;rina.wijaya38@example.com;08807079681;Jl. Mawar No. 93, Yogyakarta
Rina Wijaya;rina.wijaya39@example.com;08595025706;Jl. Melati No. 77, Yogyakarta
Siti Rahayu;siti.rahayu40@example.com;08383062286;Jl. Anggrek No. 31, Makassar
Dedi Hermawan;dedi.hermawan41@example.com;08840861921;Jl. Anggrek No. 17, Denpasar
Dewi Lestari;dewi.lestari42@example.com;08868233211;Jl. Mawar No. 49, Semarang
Lina Marlina;lina.marlina43@example.com;08101597645;Jl. Melati No. 51, Surabaya
Eko Prasetyo;eko.prasetyo44@example.com;08842002387;Jl. Melati No. 42, Jakarta
Ratna Sari;ratna.sari45@example.com;08913378597;Jl. Kamboja No. 93, Bandung
Eko Prasetyo;eko.prasetyo46@example.com;08162311663;Jl. Melati No. 98, Semarang
Maya Indah;maya.indah47@example.com;08904094505;Jl. Mawar No. 19, Bandung
Joko Susilo;joko.susilo48@example.com;08127786413;Jl. Kamboja No. 58, Surabaya
Eko Prasetyo;eko.prasetyo49@example.com;08542158923;Jl. Mawar No. 54, Makassar
Maya Indah;maya.indah50@example.com;08806665426;Jl. Mawar No. 57, Makassar
Maya Indah;maya.indah51@example.com;08488613178;Jl. Melati No. 64, Jakarta
Dewi Lestari;dewi.lestari52@example.com;08792367626;Jl. Anggrek No. 56, Bandung
Ani Handayani;ani.handayani53@example.com;08171443445;Jl. Mawar No. 77, Denpasar
Ratna Sari;ratna.sari54@example.com;08298657148;Jl. Mawar No. 21, Bandung
Ahmad Fauzi;ahmad.fauzi55@example.com;08953430023;Jl. Melati No. 83, Denpasar
Ratna Sari;ratna.sari56@example.com;08545167025;Jl. Kamboja No. 36, Semarang
Linda Permata;linda.permata57@example.com;08121361502;Jl. Anggrek No. 8, Makassar
Dedi Hermawan;dedi.hermawan58@example.com;08884207936;Jl. Kamboja No. 79, Bandung
Maya Indah;maya.indah59@example.com;08785209049;Jl. Melati No. 3, Makassar
Lina Marlina;lina.marlina60@example.com;08193124408;Jl. Melati No. 21, Semarang
Dewi Lestari;dewi.lestari61@example.com;08110186335;Jl. Anggrek No. 53, Yogyakarta
Yuni Astuti;yuni.astuti62@example.com;08179642633;Jl. Melati No. 44, Surabaya
Ahmad Fauzi;ahmad.fauzi63@example.com;08700064548;Jl. Melati No. 8, Yogyakarta
Lina Marlina;lina.marlina64@example.com;08117276617;Jl. Anggrek No. 66, Bandung
Agus Setiawan;agus.setiawan65@example.com;08725198907;Jl. Mawar No. 85, Makassar
Ani Handayani;ani.handayani66@example.com;08333280669;Jl. Kamboja No. 23, Semarang
Hendra Kurniawan;hendra.kurniawan67@example.com;08142233460;Jl. Melati No. 7, Yogyakarta
Firman Syah;firman.syah68@example.com;08169920310;Jl. Melati No. 12, Makassar
Hadi Nugroho;hadi.nugroho69@example.com;08145234569;Jl. Melati No. 79, Bandung
Lina Marlina;lina.marlina70@example.com;08628307022;Jl. Kamboja No. 48, Jakarta
Ahmad Fauzi;ahmad.fauzi71@example.com;08416418815;Jl. Mawar No. 18, Jakarta
Sari Dewi;sari.dewi72@example.com;08765120016;Jl. Anggrek No. 46, Jakarta
Siti Rahayu;siti.rahayu73@example.com;08670186769;Jl. Mawar No. 30, Surabaya
Ahmad Fauzi;ahmad.fauzi74@example.com;08937497854;Jl. Anggrek No. 57, Surabaya
Ratna Sari;ratna.sari75@example.com;08210194604;Jl. Anggrek No. 49, Bandung
Ahmad Fauzi;ahmad.fauzi76@example.com;08376687417;Jl. Anggrek No. 8, Jakarta
Ani Handayani;ani.handayani77@example.com;08694758904;Jl. Mawar No. 33, Denpasar
Ratna Sari;ratna.sari78@example.com;08407052323;Jl. Melati No. 37, Jakarta
Agus Setiawan;agus.setiawan79@example.com;08983380613;Jl. Anggrek No. 18, Jakarta
Maya Indah;maya.indah80@example.com;08437386797;Jl. Anggrek No. 1, Bandung
Rina Wijaya;rina.wijaya81@example.com;08138731238;Jl. Anggrek No. 38, Jakarta
Maya Indah;maya.indah82@example.com;08548734793;Jl. Melati No. 14, Semarang
Linda Permata;linda.permata83@example.com;08337778398;Jl. Anggrek No. 54, Bandung
Agus Setiawan;agus.setiawan84@example.com;08452094892;Jl. Kamboja No. 100, Makassar
Dedi Hermawan;dedi.hermawan85@example.com;08590611418;Jl. Kamboja No. 74, Surabaya
Dedi Hermawan;dedi.hermawan86@example.com;08414669238;Jl. Anggrek No. 100, Denpasar
Firman Syah;firman.syah87@example.com;08920480729;Jl. Mawar No. 31, Yogyakarta
Linda Permata;linda.permata88@example.com;08807498984;Jl. Kamboja No. 14, Semarang
Linda Permata;linda.permata89@example.com;08775908653;Jl. Anggrek No. 75, Jakarta
Firman Syah;firman.syah90@example.com;08109508978;Jl. Anggrek No. 34, Makassar
Budi Santoso;budi.santoso91@example.com;08451034052;Jl. Mawar No. 92, Bandung
Rudi Hartono;rudi.hartono92@example.com;08690877164;Jl. Mawar No. 12, Yogyakarta
Rudi Hartono;rudi.hartono93@example.com;08363666272;Jl. Mawar No. 54, Surabaya
Dedi Hermawan;dedi.hermawan94@example.com;08149085263;Jl. Anggrek No. 34, Medan
Agus Setiawan;agus.setiawan95@example.com;08180244279;Jl. Anggrek No. 78, Yogyakarta
Hadi Nugroho;hadi.nugroho96@example.com;08824412296;Jl. Melati No. 98, Yogyakarta
Hendra Kurniawan;hendra.kurniawan97@example.com;08127793400;Jl. Anggrek No. 7, Semarang
Joko Susilo;joko.susilo98@example.com;08109494275;Jl. Mawar No. 84, Surabaya
Dedi Hermawan;dedi.hermawan99@example.com;08311197805;Jl. Melati No. 47, Medan
